Metabolite	ConcInEcoli	LowerBound	UpperBound
DHF	0.00001	0.000005	0.000015
THF	0.00001	0.000005	0.000015
5-methyl-THF	0.00001	0.000005	0.000015
