Metabolite	ConcInEcoli	LowerBound	UpperBound
DHF	0.00001	0.000005	0.000015
THF	0.00001	0.000005	0.000015
5-methyl-THF	0.00001	0.000005	0.000015
dGTP	0.00001	0.000005	0.000015
GAR	0.00001	0.000005	0.000015
FGAR	0.00001	0.000005	0.000015
FGAM	0.00001	0.000005	0.000015
5,10-methylene-THF	0.00001	0.000005	0.000015
10-formyl-THF	0.00001	0.000005	0.000015